"Reference","Value","Datasheet","Footprint","Qty","DNP"
"A1,A4,A5","WCS1700","","Project:WCS1600","3",""
"C1,C2","1uF","~","Capacitor_SMD:C_0805_2012Metric_Pad1.18x1.45mm_HandSolder","2",""
"C6","10uF","~","Capacitor_SMD:CP_Elec_4x5.7","1",""
"C7","100uF","~","Capacitor_SMD:CP_Elec_6.3x7.7","1",""
"C8,C9,C12,C15","1uF","~","Capacitor_SMD:C_0201_0603Metric_Pad0.64x0.40mm_HandSolder","4",""
"C10,C13,C16,C18,C19","10nF","~","Capacitor_SMD:C_0201_0603Metric_Pad0.64x0.40mm_HandSolder","5",""
"C11,C14,C17","C","~","Capacitor_SMD:C_0201_0603Metric_Pad0.64x0.40mm_HandSolder","3",""
"CAN1,I2C1,UART1","Conn_01x04","~","Connector_PinHeader_2.54mm:PinHeader_1x04_P2.54mm_Vertical","3",""
"D2","MM3Zxx","https://diotec.com/tl_files/diotec/files/pdf/datasheets/mm3z2v4.pdf","Diode_SMD:D_SOD-323F","1",""
"IR1,IR2","Conn_01x03","~","Connector_PinHeader_2.54mm:PinHeader_1x03_P2.54mm_Vertical","2",""
"J8","Conn_02x05_Odd_Even","~","Connector_PinHeader_2.54mm:PinHeader_2x05_P2.54mm_Vertical","1",""
"J10,J11","Conn_01x01_Pin","~","Connector:Banana_Jack_1Pin","2",""
"Pwm_out1","Conn_01x02","~","Connector_PinSocket_2.54mm:PinSocket_1x02_P2.54mm_Vertical","1",""
"R1,R8,R9,R10,R11","1k","~","Resistor_SMD:R_0402_1005Metric_Pad0.72x0.64mm_HandSolder","5",""
"R2","4.7k","~","Resistor_THT:R_Axial_DIN0309_L9.0mm_D3.2mm_P12.70mm_Horizontal","1",""
"R3,R4,R5,R6,R7","15k","~","Resistor_SMD:R_1206_3216Metric_Pad1.30x1.75mm_HandSolder","5",""
"R12,R13","10k","~","Resistor_SMD:R_0805_2012Metric","2",""
"SPI1","Conn_01x06","~","Connector_PinHeader_2.54mm:PinHeader_1x06_P2.54mm_Vertical","1",""
"TH1,TH2","Thermistor_NTC_US","~","Project:Thermistor","2",""
"U2","LM1117S-3.3","http://www.ti.com/lit/ds/symlink/lm1117.pdf","LM1117s-ADJ:1117s_ADJ","1",""
"U3","STM32F103C8Tx","https://www.st.com/resource/en/datasheet/stm32f103c8.pdf","Package_QFP:LQFP-48_7x7mm_P0.5mm","1",""
"U5","MCP6001-OT","https://ww1.microchip.com/downloads/en/DeviceDoc/MCP6001-1R-1U-2-4-1-MHz-Low-Power-Op-Amp-DS20001733L.pdf","Package_TO_SOT_SMD:SOT-23-5_HandSoldering","1",""
